n,temps_FF,temps_PR,temps_MIN,rapport_FF_PR
10,0.015625,0.0,0.0,0
10,0.015625,0.015625,0.0,1.0
10,0.0,0.015625,0.0,0.0
10,0.0,0.0,0.0,0
10,0.015625,0.0,0.0,0
10,0.0,0.0,0.015625,0
10,0.0,0.03125,0.0,0.0
10,0.0,0.03125,0.015625,0.0
10,0.0,0.0,0.0,0
10,0.015625,0.0,0.015625,0
10,0.0,0.0,0.0,0
10,0.0,0.0,0.015625,0
10,0.0,0.0,0.015625,0
10,0.0,0.0,0.0,0
10,0.0,0.0,0.0,0
10,0.0,0.0,0.0,0
10,0.0,0.015625,0.0,0.0
10,0.0,0.0,0.0,0
10,0.0,0.0,0.0,0
10,0.0,0.0,0.0,0
10,0.015625,0.03125,0.0,0.5
10,0.0,0.015625,0.0,0.0
10,0.0,0.0,0.015625,0
10,0.0,0.015625,0.0,0.0
10,0.0,0.0,0.015625,0
10,0.0,0.0,0.0,0
10,0.0,0.0,0.0,0
10,0.0,0.015625,0.0,0.0
10,0.0,0.0,0.0,0
10,0.0,0.015625,0.0,0.0
10,0.0,0.015625,0.0,0.0
10,0.0,0.03125,0.0,0.0
10,0.0,0.0,0.0,0
10,0.015625,0.0,0.0,0
10,0.0,0.0,0.0,0
10,0.015625,0.0,0.0,0
10,0.0,0.0,0.0,0
10,0.0,0.015625,0.0,0.0
10,0.0,0.0,0.0,0
10,0.015625,0.0,0.0,0
10,0.015625,0.0,0.0,0
10,0.0,0.015625,0.0,0.0
10,0.0,0.0,0.015625,0
10,0.0,0.0,0.0,0
10,0.0,0.0,0.0,0
10,0.015625,0.015625,0.0,1.0
10,0.015625,0.015625,0.0,1.0
10,0.015625,0.0,0.0,0
10,0.0,0.0,0.0,0
10,0.015625,0.0,0.0,0
10,0.015625,0.0,0.0,0
10,0.0,0.015625,0.0,0.0
10,0.0,0.015625,0.0,0.0
10,0.0,0.0,0.0,0
10,0.0,0.0,0.015625,0
10,0.0,0.03125,0.0,0.0
10,0.015625,0.0,0.0,0
10,0.0,0.0,0.0,0
10,0.0,0.0,0.0,0
10,0.0,0.03125,0.0,0.0
10,0.015625,0.015625,0.0,1.0
10,0.0,0.0,0.0,0
10,0.0,0.015625,0.0,0.0
10,0.0,0.015625,0.0,0.0
10,0.0,0.015625,0.0,0.0
10,0.015625,0.015625,0.0,1.0
10,0.0,0.03125,0.0,0.0
10,0.0,0.015625,0.0,0.0
10,0.0,0.0,0.0,0
10,0.0,0.015625,0.0,0.0
10,0.0,0.0,0.0,0
10,0.0,0.015625,0.0,0.0
10,0.0,0.015625,0.0,0.0
10,0.015625,0.0,0.0,0
10,0.0,0.015625,0.0,0.0
10,0.0,0.0,0.0,0
10,0.0,0.0,0.0,0
10,0.015625,0.015625,0.0,1.0
10,0.0,0.0,0.0,0
10,0.0,0.015625,0.015625,0.0
10,0.0,0.0,0.0,0
10,0.015625,0.0,0.0,0
10,0.0,0.0,0.0,0
10,0.0,0.0,0.0,0
10,0.0,0.03125,0.0,0.0
10,0.015625,0.03125,0.015625,0.5
10,0.0,0.0,0.0,0
10,0.015625,0.03125,0.0,0.5
10,0.0,0.03125,0.0,0.0
10,0.0,0.0,0.0,0
10,0.015625,0.0,0.0,0
10,0.0,0.015625,0.0,0.0
10,0.0,0.03125,0.0,0.0
10,0.015625,0.0,0.015625,0
10,0.0,0.0,0.015625,0
10,0.0,0.0,0.0,0
10,0.0,0.015625,0.0,0.0
10,0.0,0.015625,0.0,0.0
10,0.0,0.015625,0.0,0.0
10,0.0,0.0,0.0,0
